Vocabsize	Accuracy
16000	0.370184
32000	0.366499
40000	0.375544
50000	0.373199
64000	0.384925
70000	0.368174
80000	0.372529
96000	0.364489
